NETWORK_SIZE	n	TIP_AVG
24	672	0.56547619047619
48	672	0.547619047619048
96	672	0.532738095238095
