STD_DEV	ACCURACY
0.873881812854292	0
0.873881812854292	0.1
0.869772699651062	0.5
0.856116615291698	1
0.838159679260602	2
0.813594244999098	3
