STD_DEV	ACCURACY
0.873881812854292	0
0.873881812854292	0.1
0.870872555396073	0.5
0.866192582124744	1
0.846627621147396	2
0.796368139093416	3
