NETWORK_SIZE	n	TIP_AVG
24	672	0.563988095238092
48	672	0.553571428571427
96	672	0.540178571428573
