NETWORK_SIZE	n	TIPPING_ROUND
24	380	13.0105263157895
48	368	13.0353260869565
96	358	12.7402234636872
