NETWORK_SIZE	n	TIPPING_ROUND
24	379	12.9287598944591
48	372	13.2043010752688
96	363	13.1735537190083
